{"stats":{"minecraft:mined":{"minecraft:grass":21,"minecraft:dirt":1,"minecraft:birch_log":3,"minecraft:tall_grass":4},"minecraft:picked_up":{"minecraft:birch_log":3,"minecraft:wheat_seeds":1,"minecraft:light_gray_wool":1,"minecraft:mutton":4,"minecraft:white_wool":1},"minecraft:killed":{"minecraft:sheep":2,"minecraft:zombie":1},"minecraft:custom":{"minecraft:time_since_rest":7073,"minecraft:crouch_one_cm":31,"minecraft:play_time":7073,"minecraft:sprint_one_cm":8293,"minecraft:damage_taken":154,"minecraft:walk_one_cm":11229,"minecraft:sneak_time":163,"minecraft:mob_kills":3,"minecraft:jump":122,"minecraft:damage_dealt":250,"minecraft:leave_game":1,"minecraft:time_since_death":7073,"minecraft:total_world_time":7073,"minecraft:fall_one_cm":4666,"minecraft:fly_one_cm":19301},"minecraft:crafted":{"minecraft:crafting_table":1,"minecraft:air":12}},"DataVersion":2975}