{"stats":{"minecraft:killed":{"minecraft:cave_spider":2,"minecraft:pig":8,"minecraft:spider":5,"minecraft:creeper":1,"minecraft:sheep":8,"minecraft:zombie":3,"minecraft:cow":16},"minecraft:broken":{"minecraft:iron_pickaxe":2},"minecraft:used":{"minecraft:stone_sword":128,"minecraft:birch_planks":19,"minecraft:stone_pickaxe":184,"minecraft:wooden_pickaxe":18,"minecraft:rotten_flesh":2,"minecraft:oak_door":4,"minecraft:mossy_cobblestone":1,"minecraft:dirt":3,"minecraft:crafting_table":5,"minecraft:white_bed":2,"minecraft:tuff":20,"the_vault:cooked_vault_steak":6,"minecraft:iron_pickaxe":501,"minecraft:stone_axe":13,"minecraft:cobblestone":20,"the_vault:vault_cobblestone":46,"minecraft:sweet_berries":14,"minecraft:furnace":2,"minecraft:cooked_beef":9,"minecraft:cobbled_deepslate":54},"minecraft:dropped":{"mekanism:fluorite_gem":2,"botania:purple_mushroom":2,"the_vault:raw_chromatic_iron":20,"minecraft:sweet_berries":22,"minecraft:wheat_seeds":9,"minecraft:birch_planks":5,"minecraft:iron_nugget":12,"minecraft:cobbled_deepslate":7,"botania:red_mystical_flower":2,"minecraft:diamond":1,"minecraft:crafting_table":1,"minecraft:tuff":9,"minecraft:cobblestone":97,"minecraft:oak_planks":5,"mekanism:raw_tin":1,"botania:light_blue_mystical_flower":1,"minecraft:stick":6,"minecraft:dirt":3,"supplementaries:flax_seeds":8,"minecraft:torch":1,"minecraft:spruce_planks":1,"minecraft:brown_wool":1,"minecraft:oak_sapling":1,"minecraft:gold_nugget":6,"minecraft:wooden_pickaxe":1,"minecraft:stone_pickaxe":1,"minecraft:string":2,"powah:uraninite_raw":6,"thermal:raw_tin":1,"minecraft:redstone":5},"minecraft:mined":{"minecraft:deepslate_redstone_ore":2,"create:deepslate_zinc_ore":1,"minecraft:tuff":30,"minecraft:spruce_planks":1,"minecraft:white_bed":2,"minecraft:mossy_cobblestone":1,"minecraft:deepslate_diamond_ore":3,"botania:red_mystical_flower":2,"thermal:tin_ore":1,"minecraft:crafting_table":4,"minecraft:cornflower":11,"minecraft:grass_block":3,"minecraft:poppy":13,"minecraft:tall_grass":16,"minecraft:cobblestone":4,"minecraft:oak_planks":2,"minecraft:sugar_cane":15,"minecraft:wall_torch":2,"supplementaries:urn":17,"minecraft:hay_block":4,"botania:purple_mushroom":1,"the_vault:chromatic_iron_ore":84,"minecraft:furnace":2,"the_vault:vault_cobblestone":4,"minecraft:sweet_berry_bush":17,"minecraft:birch_log":10,"the_vault:vault_stone":280,"minecraft:iron_ore":17,"minecraft:cobbled_deepslate":1,"minecraft:deepslate_lapis_ore":1,"minecraft:grass":19,"minecraft:oak_log":5,"minecraft:coal_ore":35,"minecraft:deepslate_iron_ore":5,"mekanism:deepslate_fluorite_ore":3,"minecraft:dirt":5,"minecraft:stone":126,"botania:light_blue_mystical_flower":1,"minecraft:oak_leaves":6,"minecraft:deepslate":89},"minecraft:custom":{"minecraft:interact_with_furnace":12,"minecraft:mob_kills":44,"minecraft:interact_with_crafting_table":9,"minecraft:time_since_death":35766,"minecraft:sleep_in_bed":2,"minecraft:climb_one_cm":1013,"minecraft:time_since_rest":36294,"minecraft:sprint_one_cm":213654,"minecraft:damage_taken":1842,"minecraft:walk_one_cm":108262,"minecraft:drop":42,"minecraft:damage_dealt":4820,"minecraft:swim_one_cm":136810,"minecraft:fly_one_cm":359227,"minecraft:open_chest":1,"minecraft:crouch_one_cm":35306,"minecraft:play_time":88151,"minecraft:deaths":2,"minecraft:sneak_time":18317,"minecraft:walk_under_water_one_cm":68373,"minecraft:jump":2038,"minecraft:walk_on_water_one_cm":31908,"minecraft:total_world_time":88151,"minecraft:fall_one_cm":55071},"minecraft:picked_up":{"minecraft:birch_log":10,"minecraft:crafting_table":4,"minecraft:brown_wool":1,"minecraft:leather":16,"minecraft:tuff":30,"minecraft:oak_log":5,"supplementaries:flax_seeds":8,"minecraft:lapis_lazuli":7,"minecraft:dirt":6,"minecraft:cornflower":11,"minecraft:string":2,"botania:light_blue_mystical_flower":1,"minecraft:wheat_seeds":9,"minecraft:gold_nugget":3,"minecraft:cobbled_deepslate":63,"minecraft:spruce_planks":1,"minecraft:beef":29,"minecraft:oak_planks":33,"minecraft:poppy":13,"minecraft:sugar_cane":29,"the_vault:vault_cobblestone":308,"thermal:raw_tin":1,"minecraft:stick":3,"minecraft:iron_boots":1,"minecraft:furnace":2,"the_vault:raw_chromatic_iron":104,"minecraft:raw_iron":22,"botania:red_mystical_flower":2,"minecraft:oak_door":5,"minecraft:sweet_berries":33,"minecraft:torch":3,"botania:purple_mushroom":2,"minecraft:porkchop":19,"powah:uraninite_raw":6,"minecraft:white_bed":2,"minecraft:redstone":5,"minecraft:mossy_cobblestone":2,"mekanism:raw_tin":1,"minecraft:rotten_flesh":2,"minecraft:diamond":4,"minecraft:hay_block":4,"mekanism:fluorite_gem":2,"the_vault:chipped_vault_rock":27,"minecraft:emerald":5,"minecraft:oak_sapling":1,"minecraft:mutton":14,"minecraft:coal":81,"minecraft:white_wool":7,"minecraft:cobblestone":155},"minecraft:killed_by":{"minecraft:zombie":1},"minecraft:crafted":{"minecraft:cooked_beef":9,"minecraft:oak_door":3,"minecraft:crafting_table":2,"minecraft:wooden_pickaxe":2,"minecraft:furnace":1,"minecraft:stone_axe":1,"minecraft:air":60,"minecraft:stick":20,"minecraft:iron_ingot":5,"minecraft:iron_pickaxe":2,"minecraft:stone_pickaxe":2,"minecraft:stone_sword":1,"minecraft:white_bed":1}},"DataVersion":2975}