{"stats":{"minecraft:used":{"minecraft:stone_sword":82,"minecraft:birch_planks":19,"minecraft:stone_pickaxe":107,"minecraft:wooden_pickaxe":14,"minecraft:rotten_flesh":2,"minecraft:dirt":3,"minecraft:crafting_table":3,"minecraft:white_bed":2,"minecraft:tuff":20,"minecraft:iron_pickaxe":73,"minecraft:stone_axe":11,"minecraft:cobblestone":20,"minecraft:furnace":1,"minecraft:cooked_beef":9,"minecraft:cobbled_deepslate":1},"minecraft:custom":{"minecraft:interact_with_furnace":9,"minecraft:mob_kills":31,"minecraft:interact_with_crafting_table":5,"minecraft:time_since_death":39853,"minecraft:sleep_in_bed":2,"minecraft:time_since_rest":11253,"minecraft:sprint_one_cm":121560,"minecraft:damage_taken":1013,"minecraft:walk_one_cm":61170,"minecraft:drop":12,"minecraft:damage_dealt":3165,"minecraft:swim_one_cm":56363,"minecraft:fly_one_cm":219923,"minecraft:open_chest":1,"minecraft:crouch_one_cm":15886,"minecraft:play_time":40419,"minecraft:deaths":1,"minecraft:sneak_time":5767,"minecraft:walk_under_water_one_cm":4413,"minecraft:jump":1119,"minecraft:walk_on_water_one_cm":5717,"minecraft:total_world_time":40419,"minecraft:fall_one_cm":32326},"minecraft:crafted":{"minecraft:cooked_beef":9,"minecraft:crafting_table":1,"minecraft:wooden_pickaxe":1,"minecraft:furnace":1,"minecraft:stone_axe":1,"minecraft:air":40,"minecraft:stick":12,"minecraft:iron_ingot":4,"minecraft:iron_pickaxe":1,"minecraft:stone_pickaxe":1,"minecraft:stone_sword":1,"minecraft:white_bed":1},"minecraft:killed":{"minecraft:pig":8,"minecraft:spider":2,"minecraft:creeper":1,"minecraft:sheep":7,"minecraft:zombie":1,"minecraft:cow":12},"minecraft:killed_by":{"minecraft:zombie":1},"minecraft:mined":{"minecraft:deepslate_redstone_ore":2,"minecraft:tuff":25,"minecraft:spruce_planks":1,"minecraft:white_bed":2,"minecraft:deepslate_diamond_ore":2,"botania:red_mystical_flower":2,"minecraft:crafting_table":3,"minecraft:cornflower":11,"minecraft:grass_block":3,"minecraft:poppy":13,"minecraft:tall_grass":13,"minecraft:cobblestone":1,"minecraft:sugar_cane":15,"supplementaries:urn":15,"minecraft:hay_block":4,"botania:purple_mushroom":1,"the_vault:chromatic_iron_ore":4,"minecraft:furnace":1,"minecraft:birch_log":10,"the_vault:vault_stone":18,"minecraft:iron_ore":17,"minecraft:grass":14,"minecraft:coal_ore":35,"minecraft:deepslate_iron_ore":5,"mekanism:deepslate_fluorite_ore":2,"minecraft:dirt":1,"minecraft:stone":35,"botania:light_blue_mystical_flower":1,"minecraft:deepslate":35},"minecraft:picked_up":{"minecraft:birch_log":10,"minecraft:crafting_table":3,"minecraft:brown_wool":1,"minecraft:leather":14,"minecraft:tuff":25,"supplementaries:flax_seeds":4,"minecraft:dirt":4,"minecraft:cornflower":11,"minecraft:string":2,"botania:light_blue_mystical_flower":1,"minecraft:wheat_seeds":3,"minecraft:cobbled_deepslate":8,"minecraft:spruce_planks":1,"minecraft:beef":24,"minecraft:poppy":13,"minecraft:sugar_cane":29,"the_vault:vault_cobblestone":15,"minecraft:iron_boots":1,"minecraft:furnace":1,"the_vault:raw_chromatic_iron":4,"minecraft:raw_iron":22,"botania:red_mystical_flower":2,"botania:purple_mushroom":1,"minecraft:porkchop":19,"minecraft:white_bed":2,"minecraft:redstone":5,"minecraft:rotten_flesh":2,"minecraft:diamond":3,"minecraft:hay_block":4,"mekanism:fluorite_gem":2,"the_vault:chipped_vault_rock":1,"minecraft:emerald":5,"minecraft:mutton":12,"minecraft:coal":51,"minecraft:white_wool":6,"minecraft:cobblestone":36},"minecraft:dropped":{"mekanism:fluorite_gem":2,"minecraft:birch_planks":5,"minecraft:cobbled_deepslate":1,"botania:red_mystical_flower":2,"minecraft:diamond":1,"supplementaries:flax_seeds":4,"minecraft:dirt":1,"minecraft:gold_nugget":3,"minecraft:string":2,"minecraft:redstone":5}},"DataVersion":2975}