{"stats":{"minecraft:killed":{"minecraft:cave_spider":2,"minecraft:pig":1,"minecraft:zombie_villager":1,"minecraft:spider":1},"minecraft:broken":{"minecraft:iron_pickaxe":1},"minecraft:used":{"minecraft:birch_planks":19,"minecraft:stone_pickaxe":14,"minecraft:oak_planks":20,"minecraft:wooden_pickaxe":7,"minecraft:oak_door":3,"minecraft:torch":101,"minecraft:dirt":1,"minecraft:crafting_table":3,"minecraft:apple":5,"minecraft:iron_pickaxe":375,"minecraft:cobblestone":5,"the_vault:vault_cobblestone":44,"minecraft:porkchop":1},"minecraft:dropped":{"minecraft:oak_door":4,"the_vault:raw_chromatic_iron":20,"minecraft:rotten_flesh":1,"minecraft:oak_planks":31,"minecraft:dirt":1,"minecraft:oak_sapling":1,"minecraft:spider_eye":2,"minecraft:stone_pickaxe":1,"minecraft:wooden_pickaxe":1},"minecraft:mined":{"minecraft:deepslate_redstone_ore":3,"minecraft:tuff":2,"minecraft:mossy_cobblestone":1,"minecraft:deepslate_diamond_ore":2,"powah:uraninite_ore":4,"minecraft:crafting_table":2,"minecraft:grass_block":1,"mekanism:tin_ore":4,"minecraft:cobblestone":6,"minecraft:tall_grass":11,"minecraft:deepslate_gold_ore":6,"minecraft:wall_torch":5,"powah:deepslate_uraninite_ore_poor":4,"supplementaries:urn":4,"minecraft:raw_iron_block":1,"minecraft:birch_log":7,"the_vault:vault_stone":204,"minecraft:deepslate_lapis_ore":7,"minecraft:yellow_bed":1,"minecraft:grass":17,"mekanism:deepslate_tin_ore":8,"minecraft:coal_ore":1,"minecraft:deepslate_iron_ore":4,"minecraft:dirt":1,"mekanism:deepslate_uranium_ore":8,"ae2:deepslate_quartz_ore":1,"minecraft:stone":84,"thermal:deepslate_sulfur_ore":2,"minecraft:deepslate":7},"minecraft:custom":{"minecraft:interact_with_furnace":1,"minecraft:mob_kills":4,"minecraft:interact_with_crafting_table":6,"minecraft:leave_game":2,"minecraft:time_since_death":6078,"minecraft:sleep_in_bed":1,"minecraft:climb_one_cm":3850,"minecraft:time_since_rest":6106,"minecraft:sprint_one_cm":95624,"minecraft:damage_taken":1528,"minecraft:walk_one_cm":109496,"minecraft:drop":12,"minecraft:damage_dealt":998,"minecraft:talked_to_villager":2,"minecraft:swim_one_cm":23354,"minecraft:fly_one_cm":158677,"minecraft:open_chest":2,"minecraft:crouch_one_cm":876,"minecraft:play_time":59761,"minecraft:deaths":5,"minecraft:sneak_time":1411,"minecraft:walk_under_water_one_cm":12380,"minecraft:jump":791,"minecraft:walk_on_water_one_cm":15140,"minecraft:total_world_time":59761,"minecraft:fall_one_cm":15115},"minecraft:picked_up":{"minecraft:birch_log":7,"minecraft:crafting_table":2,"mekanism:raw_uranium":8,"minecraft:wooden_pickaxe":1,"create:raw_zinc":1,"minecraft:yellow_bed":1,"minecraft:lapis_lazuli":47,"minecraft:string":4,"minecraft:dirt":2,"thermal:sulfur":8,"minecraft:wheat_seeds":1,"minecraft:cobbled_deepslate":6,"minecraft:raw_gold":6,"minecraft:stone_pickaxe":1,"the_vault:vault_cobblestone":193,"minecraft:oak_planks":5,"the_vault:raw_chromatic_iron":20,"thermal:raw_tin":1,"minecraft:raw_iron":2,"minecraft:oak_door":2,"minecraft:sweet_berries":22,"minecraft:torch":5,"minecraft:raw_iron_block":1,"minecraft:porkchop":1,"powah:uraninite_raw":12,"minecraft:spider_eye":2,"minecraft:redstone":13,"mekanism:raw_tin":12,"minecraft:rotten_flesh":3,"minecraft:diamond":2,"ae2:certus_quartz_dust":5,"the_vault:chipped_vault_rock":9,"minecraft:oak_sapling":1,"minecraft:coal":1,"minecraft:cobblestone":64},"minecraft:crafted":{"minecraft:air":40,"the_vault:vault_rock":1,"minecraft:stick":4,"minecraft:iron_ingot":17},"minecraft:killed_by":{"minecraft:cave_spider":1,"minecraft:creeper":2,"minecraft:zombie":2}},"DataVersion":2975}