{"stats":{"minecraft:used":{"minecraft:stone_pickaxe":14,"minecraft:iron_pickaxe":21,"minecraft:wooden_pickaxe":7,"minecraft:torch":6,"minecraft:dirt":1,"minecraft:crafting_table":1},"minecraft:custom":{"minecraft:time_since_rest":5258,"minecraft:sprint_one_cm":36458,"minecraft:damage_taken":633,"minecraft:walk_one_cm":46075,"minecraft:mob_kills":2,"minecraft:drop":1,"minecraft:damage_dealt":543,"minecraft:talked_to_villager":2,"minecraft:interact_with_crafting_table":2,"minecraft:fly_one_cm":88338,"minecraft:open_chest":2,"minecraft:crouch_one_cm":188,"minecraft:play_time":29487,"minecraft:deaths":2,"minecraft:sneak_time":80,"minecraft:jump":267,"minecraft:leave_game":2,"minecraft:time_since_death":5218,"minecraft:sleep_in_bed":1,"minecraft:climb_one_cm":2768,"minecraft:total_world_time":29487,"minecraft:fall_one_cm":6948},"minecraft:crafted":{"minecraft:stick":4,"minecraft:air":30},"minecraft:killed":{"minecraft:pig":1,"minecraft:zombie_villager":1},"minecraft:killed_by":{"minecraft:creeper":2},"minecraft:mined":{"minecraft:deepslate_redstone_ore":3,"minecraft:birch_log":7,"minecraft:yellow_bed":1,"minecraft:crafting_table":1,"minecraft:grass":17,"mekanism:deepslate_tin_ore":8,"minecraft:grass_block":1,"minecraft:coal_ore":1,"minecraft:deepslate_iron_ore":1,"mekanism:tin_ore":3,"minecraft:tall_grass":9,"minecraft:deepslate_gold_ore":6,"minecraft:stone":7,"minecraft:deepslate":1,"thermal:deepslate_sulfur_ore":2},"minecraft:picked_up":{"minecraft:birch_log":7,"minecraft:raw_iron":1,"minecraft:crafting_table":1,"minecraft:porkchop":1,"minecraft:yellow_bed":1,"minecraft:redstone":13,"mekanism:raw_tin":11,"minecraft:dirt":1,"minecraft:rotten_flesh":3,"thermal:sulfur":8,"minecraft:wheat_seeds":1,"minecraft:cobbled_deepslate":1,"minecraft:raw_gold":6,"minecraft:coal":1,"minecraft:cobblestone":7},"minecraft:dropped":{"minecraft:rotten_flesh":1}},"DataVersion":2975}