{"stats":{"minecraft:mined":{"minecraft:grass":5,"minecraft:grass_block":1,"minecraft:birch_log":2,"minecraft:tall_grass":5},"minecraft:dropped":{"minecraft:rotten_flesh":1},"minecraft:picked_up":{"minecraft:birch_log":2,"minecraft:rotten_flesh":1,"minecraft:wheat_seeds":1,"minecraft:dirt":1},"minecraft:custom":{"minecraft:time_since_rest":624,"minecraft:play_time":12708,"minecraft:sprint_one_cm":8385,"minecraft:deaths":1,"minecraft:damage_taken":283,"minecraft:walk_one_cm":15843,"minecraft:sneak_time":11,"minecraft:drop":1,"minecraft:jump":85,"minecraft:damage_dealt":242,"minecraft:leave_game":2,"minecraft:time_since_death":585,"minecraft:total_world_time":12708,"minecraft:fall_one_cm":4294,"minecraft:fly_one_cm":16916},"minecraft:crafted":{"minecraft:air":8},"minecraft:killed_by":{"minecraft:creeper":1},"minecraft:used":{"minecraft:dirt":1}},"DataVersion":2975}