{"stats":{"minecraft:custom":{"minecraft:jump":38,"minecraft:time_since_rest":10032,"minecraft:crouch_one_cm":147,"minecraft:leave_game":3,"minecraft:play_time":10032,"minecraft:sprint_one_cm":5090,"minecraft:walk_on_water_one_cm":437,"minecraft:time_since_death":10032,"minecraft:walk_one_cm":5454,"minecraft:sneak_time":67,"minecraft:total_world_time":10032,"minecraft:fall_one_cm":2206,"minecraft:fly_one_cm":13831},"minecraft:picked_up":{"minecraft:wheat_seeds":1},"minecraft:used":{"minecraft:birch_log":1}},"DataVersion":3465}